Team,Season,MeanEntropy,League
Fortuna Düsseldorf,2012/2013,0.997636704533,Germany 1. Bundesliga
SV Darmstadt 98,2015/2016,0.978599991108,Germany 1. Bundesliga
SC Paderborn 07,2014/2015,0.984300046418,Germany 1. Bundesliga
FC Schalke 04,2011/2012,1.01848794968,Germany 1. Bundesliga
FC Schalke 04,2013/2014,1.00144400943,Germany 1. Bundesliga
FC Schalke 04,2015/2016,1.00840599411,Germany 1. Bundesliga
FC Schalke 04,2012/2013,0.979587781004,Germany 1. Bundesliga
FC Schalke 04,2008/2009,1.00387588145,Germany 1. Bundesliga
FC Schalke 04,2010/2011,1.03334565737,Germany 1. Bundesliga
FC Schalke 04,2014/2015,1.03040012573,Germany 1. Bundesliga
FC Schalke 04,2009/2010,1.0084437741,Germany 1. Bundesliga
FC Energie Cottbus,2008/2009,0.974882557092,Germany 1. Bundesliga
VfL Wolfsburg,2011/2012,1.03441736369,Germany 1. Bundesliga
VfL Wolfsburg,2013/2014,1.00800000746,Germany 1. Bundesliga
VfL Wolfsburg,2015/2016,0.996846115431,Germany 1. Bundesliga
VfL Wolfsburg,2012/2013,1.026718475,Germany 1. Bundesliga
VfL Wolfsburg,2008/2009,1.00407433632,Germany 1. Bundesliga
VfL Wolfsburg,2010/2011,1.03476359541,Germany 1. Bundesliga
VfL Wolfsburg,2014/2015,0.983576402093,Germany 1. Bundesliga
VfL Wolfsburg,2009/2010,1.00508715434,Germany 1. Bundesliga
1. FC Köln,2011/2012,0.995769161028,Germany 1. Bundesliga
1. FC Köln,2015/2016,1.01854547558,Germany 1. Bundesliga
1. FC Köln,2008/2009,1.01695044111,Germany 1. Bundesliga
1. FC Köln,2010/2011,1.01786093922,Germany 1. Bundesliga
1. FC Köln,2014/2015,1.02130643015,Germany 1. Bundesliga
1. FC Köln,2009/2010,1.00368316058,Germany 1. Bundesliga
FC Augsburg,2011/2012,0.982876148754,Germany 1. Bundesliga
FC Augsburg,2013/2014,1.01533924446,Germany 1. Bundesliga
FC Augsburg,2015/2016,1.01734128653,Germany 1. Bundesliga
FC Augsburg,2012/2013,1.00840485894,Germany 1. Bundesliga
FC Augsburg,2014/2015,1.03895268885,Germany 1. Bundesliga
Eintracht Braunschweig,2013/2014,0.95732112619,Germany 1. Bundesliga
FC St. Pauli,2010/2011,0.999800878232,Germany 1. Bundesliga
VfB Stuttgart,2011/2012,1.02873509125,Germany 1. Bundesliga
VfB Stuttgart,2013/2014,1.020779863,Germany 1. Bundesliga
VfB Stuttgart,2015/2016,1.02026028908,Germany 1. Bundesliga
VfB Stuttgart,2012/2013,1.02607826713,Germany 1. Bundesliga
VfB Stuttgart,2008/2009,1.02120534835,Germany 1. Bundesliga
VfB Stuttgart,2010/2011,1.03996976425,Germany 1. Bundesliga
VfB Stuttgart,2014/2015,1.01854494744,Germany 1. Bundesliga
VfB Stuttgart,2009/2010,1.01904717396,Germany 1. Bundesliga
1. FC Kaiserslautern,2011/2012,1.00304769796,Germany 1. Bundesliga
1. FC Kaiserslautern,2010/2011,1.02575877177,Germany 1. Bundesliga
FC Bayern Munich,2011/2012,0.811239603757,Germany 1. Bundesliga
FC Bayern Munich,2013/2014,0.678528121859,Germany 1. Bundesliga
FC Bayern Munich,2015/2016,0.651023548799,Germany 1. Bundesliga
FC Bayern Munich,2012/2013,0.767085831783,Germany 1. Bundesliga
FC Bayern Munich,2008/2009,0.905928299472,Germany 1. Bundesliga
FC Bayern Munich,2010/2011,0.89800505662,Germany 1. Bundesliga
FC Bayern Munich,2014/2015,0.699117544106,Germany 1. Bundesliga
FC Bayern Munich,2009/2010,0.8817467378,Germany 1. Bundesliga
SpVgg Greuther Fürth,2012/2013,0.982695417747,Germany 1. Bundesliga
TSG 1899 Hoffenheim,2011/2012,1.02791849285,Germany 1. Bundesliga
TSG 1899 Hoffenheim,2013/2014,1.02682100867,Germany 1. Bundesliga
TSG 1899 Hoffenheim,2015/2016,1.00476129507,Germany 1. Bundesliga
TSG 1899 Hoffenheim,2012/2013,1.02000912823,Germany 1. Bundesliga
TSG 1899 Hoffenheim,2008/2009,1.02801563688,Germany 1. Bundesliga
TSG 1899 Hoffenheim,2010/2011,1.03715536629,Germany 1. Bundesliga
TSG 1899 Hoffenheim,2014/2015,1.02243993815,Germany 1. Bundesliga
TSG 1899 Hoffenheim,2009/2010,1.02688656825,Germany 1. Bundesliga
1. FC Nürnberg,2011/2012,1.02372322073,Germany 1. Bundesliga
1. FC Nürnberg,2013/2014,0.988186232088,Germany 1. Bundesliga
1. FC Nürnberg,2010/2011,1.02293878253,Germany 1. Bundesliga
1. FC Nürnberg,2012/2013,1.01424426418,Germany 1. Bundesliga
1. FC Nürnberg,2009/2010,1.00002794552,Germany 1. Bundesliga
SC Freiburg,2011/2012,1.00669692168,Germany 1. Bundesliga
SC Freiburg,2013/2014,0.988843739676,Germany 1. Bundesliga
SC Freiburg,2012/2013,1.02855714431,Germany 1. Bundesliga
SC Freiburg,2010/2011,1.01392354112,Germany 1. Bundesliga
SC Freiburg,2014/2015,1.0084670915,Germany 1. Bundesliga
SC Freiburg,2009/2010,0.995742999387,Germany 1. Bundesliga
Hertha BSC Berlin,2011/2012,1.01696934116,Germany 1. Bundesliga
Hertha BSC Berlin,2013/2014,1.02182238843,Germany 1. Bundesliga
Hertha BSC Berlin,2015/2016,1.010885003,Germany 1. Bundesliga
Hertha BSC Berlin,2008/2009,1.03295414766,Germany 1. Bundesliga
Hertha BSC Berlin,2014/2015,1.00684167468,Germany 1. Bundesliga
Hertha BSC Berlin,2009/2010,1.00658461899,Germany 1. Bundesliga
FC Ingolstadt 04,2015/2016,1.004820322,Germany 1. Bundesliga
Karlsruher SC,2008/2009,0.993889651246,Germany 1. Bundesliga
Eintracht Frankfurt,2013/2014,1.01028598673,Germany 1. Bundesliga
Eintracht Frankfurt,2015/2016,1.00060277678,Germany 1. Bundesliga
Eintracht Frankfurt,2012/2013,1.02977669907,Germany 1. Bundesliga
Eintracht Frankfurt,2008/2009,1.01404643252,Germany 1. Bundesliga
Eintracht Frankfurt,2010/2011,1.0424271377,Germany 1. Bundesliga
Eintracht Frankfurt,2014/2015,1.00760721636,Germany 1. Bundesliga
Eintracht Frankfurt,2009/2010,1.01839893308,Germany 1. Bundesliga
Hannover 96,2011/2012,1.02443841193,Germany 1. Bundesliga
Hannover 96,2013/2014,1.00996377325,Germany 1. Bundesliga
Hannover 96,2015/2016,0.97297810334,Germany 1. Bundesliga
Hannover 96,2012/2013,1.02536461296,Germany 1. Bundesliga
Hannover 96,2008/2009,1.01973875582,Germany 1. Bundesliga
Hannover 96,2010/2011,1.03216903691,Germany 1. Bundesliga
Hannover 96,2014/2015,1.00995803263,Germany 1. Bundesliga
Hannover 96,2009/2010,0.998498319646,Germany 1. Bundesliga
1. FSV Mainz 05,2011/2012,1.02870706271,Germany 1. Bundesliga
1. FSV Mainz 05,2013/2014,1.02017668992,Germany 1. Bundesliga
1. FSV Mainz 05,2015/2016,1.0226852744,Germany 1. Bundesliga
1. FSV Mainz 05,2012/2013,1.03427474907,Germany 1. Bundesliga
1. FSV Mainz 05,2010/2011,1.03721589411,Germany 1. Bundesliga
1. FSV Mainz 05,2014/2015,1.02403993421,Germany 1. Bundesliga
1. FSV Mainz 05,2009/2010,1.0061498439,Germany 1. Bundesliga
Bayer 04 Leverkusen,2011/2012,1.01260997818,Germany 1. Bundesliga
Bayer 04 Leverkusen,2013/2014,0.97305001203,Germany 1. Bundesliga
Bayer 04 Leverkusen,2015/2016,0.971663770238,Germany 1. Bundesliga
Bayer 04 Leverkusen,2012/2013,0.990792036343,Germany 1. Bundesliga
Bayer 04 Leverkusen,2008/2009,1.01195310255,Germany 1. Bundesliga
Bayer 04 Leverkusen,2010/2011,1.00087668307,Germany 1. Bundesliga
Bayer 04 Leverkusen,2014/2015,0.964068996219,Germany 1. Bundesliga
Bayer 04 Leverkusen,2009/2010,0.984885681889,Germany 1. Bundesliga
VfL Bochum,2009/2010,0.994751886965,Germany 1. Bundesliga
VfL Bochum,2008/2009,1.00878504761,Germany 1. Bundesliga
DSC Arminia Bielefeld,2008/2009,0.988558953458,Germany 1. Bundesliga
SV Werder Bremen,2011/2012,1.03257219849,Germany 1. Bundesliga
SV Werder Bremen,2013/2014,0.99417328797,Germany 1. Bundesliga
SV Werder Bremen,2015/2016,1.00711442045,Germany 1. Bundesliga
SV Werder Bremen,2012/2013,1.02065273487,Germany 1. Bundesliga
SV Werder Bremen,2008/2009,0.998338363304,Germany 1. Bundesliga
SV Werder Bremen,2010/2011,1.03370255077,Germany 1. Bundesliga
SV Werder Bremen,2014/2015,1.00458398507,Germany 1. Bundesliga
SV Werder Bremen,2009/2010,0.981646605287,Germany 1. Bundesliga
Borussia Mönchengladbach,2011/2012,1.03469320553,Germany 1. Bundesliga
Borussia Mönchengladbach,2013/2014,1.01539837033,Germany 1. Bundesliga
Borussia Mönchengladbach,2015/2016,1.01880574343,Germany 1. Bundesliga
Borussia Mönchengladbach,2012/2013,1.02969873177,Germany 1. Bundesliga
Borussia Mönchengladbach,2008/2009,1.01158942256,Germany 1. Bundesliga
Borussia Mönchengladbach,2010/2011,1.01430347423,Germany 1. Bundesliga
Borussia Mönchengladbach,2014/2015,1.00666395797,Germany 1. Bundesliga
Borussia Mönchengladbach,2009/2010,1.00502570199,Germany 1. Bundesliga
Borussia Dortmund,2011/2012,0.902611576961,Germany 1. Bundesliga
Borussia Dortmund,2013/2014,0.851172406964,Germany 1. Bundesliga
Borussia Dortmund,2015/2016,0.823529284844,Germany 1. Bundesliga
Borussia Dortmund,2012/2013,0.886024969741,Germany 1. Bundesliga
Borussia Dortmund,2008/2009,1.03305530419,Germany 1. Bundesliga
Borussia Dortmund,2010/2011,0.971220410434,Germany 1. Bundesliga
Borussia Dortmund,2014/2015,0.907776560941,Germany 1. Bundesliga
Borussia Dortmund,2009/2010,1.01885840741,Germany 1. Bundesliga
Hamburger SV,2011/2012,1.03785078375,Germany 1. Bundesliga
Hamburger SV,2013/2014,1.01368888908,Germany 1. Bundesliga
Hamburger SV,2015/2016,1.01495868378,Germany 1. Bundesliga
Hamburger SV,2012/2013,1.02618385087,Germany 1. Bundesliga
Hamburger SV,2008/2009,1.00912499584,Germany 1. Bundesliga
Hamburger SV,2010/2011,1.03731149971,Germany 1. Bundesliga
Hamburger SV,2014/2015,1.00638181883,Germany 1. Bundesliga
Hamburger SV,2009/2010,1.00719254992,Germany 1. Bundesliga
Bologna,2011/2012,1.01098981817,Italy Serie A
Bologna,2013/2014,0.999705786834,Italy Serie A
Bologna,2015/2016,1.00573627726,Italy Serie A
Bologna,2012/2013,1.03424518218,Italy Serie A
Bologna,2008/2009,0.998301629278,Italy Serie A
Bologna,2010/2011,0.994857225044,Italy Serie A
Bologna,2009/2010,1.00426529984,Italy Serie A
Brescia,2010/2011,0.988218754611,Italy Serie A
Empoli,2015/2016,1.01726967904,Italy Serie A
Empoli,2014/2015,1.01449950534,Italy Serie A
Sassuolo,2013/2014,0.982859194312,Italy Serie A
Sassuolo,2015/2016,1.02267212059,Italy Serie A
Sassuolo,2014/2015,1.01361432005,Italy Serie A
Atalanta,2011/2012,1.03346540012,Italy Serie A
Atalanta,2013/2014,1.01333248303,Italy Serie A
Atalanta,2015/2016,1.01964490848,Italy Serie A
Atalanta,2012/2013,1.02813303584,Italy Serie A
Atalanta,2008/2009,1.03224800035,Italy Serie A
Atalanta,2014/2015,1.0210894588,Italy Serie A
Atalanta,2009/2010,1.0179355119,Italy Serie A
Cesena,2011/2012,0.977105403497,Italy Serie A
Cesena,2010/2011,0.991341193729,Italy Serie A
Cesena,2014/2015,0.933522095131,Italy Serie A
Torino,2013/2014,1.02071793012,Italy Serie A
Torino,2014/2015,1.03600150892,Italy Serie A
Torino,2015/2016,1.01892440531,Italy Serie A
Torino,2012/2013,1.03259768033,Italy Serie A
Torino,2008/2009,1.01801780976,Italy Serie A
Cagliari,2011/2012,1.01314140701,Italy Serie A
Cagliari,2013/2014,1.02080096627,Italy Serie A
Cagliari,2012/2013,1.02400950382,Italy Serie A
Cagliari,2008/2009,1.01375515631,Italy Serie A
Cagliari,2010/2011,1.02892804778,Italy Serie A
Cagliari,2014/2015,1.01935523838,Italy Serie A
Cagliari,2009/2010,1.01822278766,Italy Serie A
Catania,2011/2012,1.03541513198,Italy Serie A
Catania,2013/2014,0.99349381076,Italy Serie A
Catania,2012/2013,1.02766598563,Italy Serie A
Catania,2008/2009,0.992903032704,Italy Serie A
Catania,2010/2011,1.01159677097,Italy Serie A
Catania,2009/2010,1.00911739613,Italy Serie A
Napoli,2011/2012,0.994295186346,Italy Serie A
Napoli,2013/2014,0.956782202151,Italy Serie A
Napoli,2015/2016,0.865511499265,Italy Serie A
Napoli,2012/2013,0.975319077617,Italy Serie A
Napoli,2008/2009,1.02638931542,Italy Serie A
Napoli,2010/2011,1.01105747581,Italy Serie A
Napoli,2014/2015,0.961175852892,Italy Serie A
Napoli,2009/2010,1.01653198262,Italy Serie A
Hellas Verona,2013/2014,1.01845658217,Italy Serie A
Hellas Verona,2015/2016,0.974329220475,Italy Serie A
Hellas Verona,2014/2015,1.01509744707,Italy Serie A
Chievo Verona,2011/2012,1.03045271048,Italy Serie A
Chievo Verona,2013/2014,1.01066350504,Italy Serie A
Chievo Verona,2015/2016,1.01902737539,Italy Serie A
Chievo Verona,2012/2013,1.02319529321,Italy Serie A
Chievo Verona,2008/2009,1.00042403337,Italy Serie A
Chievo Verona,2010/2011,1.02227601152,Italy Serie A
Chievo Verona,2014/2015,1.00847969984,Italy Serie A
Chievo Verona,2009/2010,1.00775963226,Italy Serie A
Pescara,2012/2013,0.908865851571,Italy Serie A
Fiorentina,2011/2012,1.03391365606,Italy Serie A
Fiorentina,2013/2014,1.00448709907,Italy Serie A
Fiorentina,2015/2016,1.0005190096,Italy Serie A
Fiorentina,2012/2013,1.00067774497,Italy Serie A
Fiorentina,2008/2009,1.00627125014,Italy Serie A
Fiorentina,2010/2011,1.03584167726,Italy Serie A
Fiorentina,2014/2015,1.00055094161,Italy Serie A
Fiorentina,2009/2010,1.02721281063,Italy Serie A
Udinese,2011/2012,1.03266150645,Italy Serie A
Udinese,2013/2014,1.03235357288,Italy Serie A
Udinese,2015/2016,1.01262416767,Italy Serie A
Udinese,2012/2013,1.03180322268,Italy Serie A
Udinese,2008/2009,1.03255864138,Italy Serie A
Udinese,2010/2011,1.01329653945,Italy Serie A
Udinese,2014/2015,1.02496196912,Italy Serie A
Udinese,2009/2010,1.03771963997,Italy Serie A
Livorno,2013/2014,0.97433159118,Italy Serie A
Livorno,2009/2010,0.981246459083,Italy Serie A
Sampdoria,2013/2014,1.01553224495,Italy Serie A
Sampdoria,2015/2016,1.01781633036,Italy Serie A
Sampdoria,2012/2013,1.02154645161,Italy Serie A
Sampdoria,2008/2009,1.03438915218,Italy Serie A
Sampdoria,2010/2011,1.0216092561,Italy Serie A
Sampdoria,2014/2015,1.03872728424,Italy Serie A
Sampdoria,2009/2010,1.02326262418,Italy Serie A
Palermo,2011/2012,1.02051465647,Italy Serie A
Palermo,2015/2016,0.986222627584,Italy Serie A
Palermo,2012/2013,1.02483437984,Italy Serie A
Palermo,2008/2009,1.03042963978,Italy Serie A
Palermo,2010/2011,1.02598991049,Italy Serie A
Palermo,2014/2015,1.03337969391,Italy Serie A
Palermo,2009/2010,1.02363793926,Italy Serie A
Juventus,2011/2012,0.908375217566,Italy Serie A
Juventus,2013/2014,0.83703993028,Italy Serie A
Juventus,2015/2016,0.878597147451,Italy Serie A
Juventus,2012/2013,0.899432258341,Italy Serie A
Juventus,2008/2009,0.95858782665,Italy Serie A
Juventus,2010/2011,1.0027008447,Italy Serie A
Juventus,2014/2015,0.873285236308,Italy Serie A
Juventus,2009/2010,0.983247094711,Italy Serie A
Lazio,2011/2012,1.02839526525,Italy Serie A
Lazio,2013/2014,1.02716904484,Italy Serie A
Lazio,2015/2016,1.01114494432,Italy Serie A
Lazio,2012/2013,1.02361104137,Italy Serie A
Lazio,2008/2009,1.03463404166,Italy Serie A
Lazio,2010/2011,1.03243611204,Italy Serie A
Lazio,2014/2015,1.00250380506,Italy Serie A
Lazio,2009/2010,1.0365179798,Italy Serie A
Lecce,2011/2012,0.994031268718,Italy Serie A
Lecce,2010/2011,0.988027468068,Italy Serie A
Lecce,2008/2009,0.981506275981,Italy Serie A
Carpi,2015/2016,0.978282613474,Italy Serie A
Frosinone,2015/2016,0.917672558377,Italy Serie A
Siena,2011/2012,1.02243066575,Italy Serie A
Siena,2012/2013,0.996995119928,Italy Serie A
Siena,2009/2010,0.986432846203,Italy Serie A
Siena,2008/2009,1.00670782477,Italy Serie A
Roma,2011/2012,1.00480750484,Italy Serie A
Roma,2013/2014,0.940709010027,Italy Serie A
Roma,2015/2016,0.950200762309,Italy Serie A
Roma,2012/2013,0.99402666763,Italy Serie A
Roma,2008/2009,1.00095275749,Italy Serie A
Roma,2010/2011,0.990023800413,Italy Serie A
Roma,2014/2015,0.964745352759,Italy Serie A
Roma,2009/2010,0.990059429291,Italy Serie A
Reggio Calabria,2008/2009,0.989366730079,Italy Serie A
Milan,2011/2012,0.921851051279,Italy Serie A
Milan,2013/2014,0.983711588557,Italy Serie A
Milan,2015/2016,1.00509549058,Italy Serie A
Milan,2012/2013,0.959852159654,Italy Serie A
Milan,2008/2009,0.947833961316,Italy Serie A
Milan,2010/2011,0.948717336674,Italy Serie A
Milan,2014/2015,1.01812361111,Italy Serie A
Milan,2009/2010,0.981319781214,Italy Serie A
Parma,2011/2012,1.0263733529,Italy Serie A
Parma,2013/2014,1.01910382647,Italy Serie A
Parma,2012/2013,1.03636286666,Italy Serie A
Parma,2010/2011,1.02764722062,Italy Serie A
Parma,2014/2015,0.968247094177,Italy Serie A
Parma,2009/2010,1.01717155698,Italy Serie A
Bari,2010/2011,0.978128347228,Italy Serie A
Bari,2009/2010,1.02625995591,Italy Serie A
Genoa,2011/2012,1.02206245723,Italy Serie A
Genoa,2013/2014,1.00932006201,Italy Serie A
Genoa,2015/2016,1.02437339651,Italy Serie A
Genoa,2012/2013,1.01103344737,Italy Serie A
Genoa,2008/2009,1.01583875155,Italy Serie A
Genoa,2010/2011,1.03889264337,Italy Serie A
Genoa,2014/2015,1.03146448206,Italy Serie A
Genoa,2009/2010,1.04017237713,Italy Serie A
Inter,2011/2012,0.990676315696,Italy Serie A
Inter,2013/2014,0.99187470944,Italy Serie A
Inter,2015/2016,0.98000565548,Italy Serie A
Inter,2012/2013,1.01675494075,Italy Serie A
Inter,2008/2009,0.922900672819,Italy Serie A
Inter,2010/2011,0.970811626323,Italy Serie A
Inter,2014/2015,1.00226786457,Italy Serie A
Inter,2009/2010,0.907008113644,Italy Serie A
Novara,2011/2012,0.961355005008,Italy Serie A
CD Numancia,2008/2009,1.00103861245,Spain LIGA BBVA
Levante UD,2011/2012,0.992401148048,Spain LIGA BBVA
Levante UD,2013/2014,0.957341903063,Spain LIGA BBVA
Levante UD,2015/2016,0.95587672791,Spain LIGA BBVA
Levante UD,2012/2013,0.998309666477,Spain LIGA BBVA
Levante UD,2010/2011,0.979471022969,Spain LIGA BBVA
Levante UD,2014/2015,0.93967402146,Spain LIGA BBVA
Granada CF,2011/2012,0.970942687904,Spain LIGA BBVA
Granada CF,2013/2014,0.978531553876,Spain LIGA BBVA
Granada CF,2015/2016,0.960321027521,Spain LIGA BBVA
Granada CF,2012/2013,0.978902365126,Spain LIGA BBVA
Granada CF,2014/2015,0.961799287452,Spain LIGA BBVA
Málaga CF,2011/2012,0.98529390521,Spain LIGA BBVA
Málaga CF,2013/2014,0.986752013834,Spain LIGA BBVA
Málaga CF,2015/2016,0.997748129579,Spain LIGA BBVA
Málaga CF,2012/2013,1.0071448704,Spain LIGA BBVA
Málaga CF,2008/2009,1.02616632645,Spain LIGA BBVA
Málaga CF,2010/2011,1.00685875801,Spain LIGA BBVA
Málaga CF,2014/2015,0.992502317749,Spain LIGA BBVA
Málaga CF,2009/2010,0.996338936151,Spain LIGA BBVA
UD Almería,2013/2014,0.956769950082,Spain LIGA BBVA
UD Almería,2010/2011,0.987288859246,Spain LIGA BBVA
UD Almería,2014/2015,0.946266472763,Spain LIGA BBVA
UD Almería,2009/2010,0.996365959141,Spain LIGA BBVA
UD Almería,2008/2009,1.02502341211,Spain LIGA BBVA
Real Zaragoza,2011/2012,0.96565546001,Spain LIGA BBVA
Real Zaragoza,2010/2011,0.999051700447,Spain LIGA BBVA
Real Zaragoza,2012/2013,0.995802008029,Spain LIGA BBVA
Real Zaragoza,2009/2010,1.00425060985,Spain LIGA BBVA
CD Tenerife,2009/2010,0.998829507725,Spain LIGA BBVA
Xerez Club Deportivo,2009/2010,0.959392230091,Spain LIGA BBVA
Real Sporting de Gijón,2011/2012,0.975927299668,Spain LIGA BBVA
Real Sporting de Gijón,2010/2011,0.987779887342,Spain LIGA BBVA
Real Sporting de Gijón,2015/2016,0.956912837254,Spain LIGA BBVA
Real Sporting de Gijón,2009/2010,0.987691618408,Spain LIGA BBVA
Real Sporting de Gijón,2008/2009,1.00698318311,Spain LIGA BBVA
RCD Espanyol,2011/2012,0.998714187091,Spain LIGA BBVA
RCD Espanyol,2013/2014,1.00277023244,Spain LIGA BBVA
RCD Espanyol,2015/2016,0.983175808824,Spain LIGA BBVA
RCD Espanyol,2012/2013,0.999459368674,Spain LIGA BBVA
RCD Espanyol,2008/2009,1.03498028693,Spain LIGA BBVA
RCD Espanyol,2010/2011,1.01446993546,Spain LIGA BBVA
RCD Espanyol,2014/2015,0.992001927871,Spain LIGA BBVA
RCD Espanyol,2009/2010,1.00913405917,Spain LIGA BBVA
Real Betis Balompié,2011/2012,1.00962843167,Spain LIGA BBVA
Real Betis Balompié,2013/2014,0.976289121758,Spain LIGA BBVA
Real Betis Balompié,2015/2016,0.976960007162,Spain LIGA BBVA
Real Betis Balompié,2012/2013,1.00833039108,Spain LIGA BBVA
Real Betis Balompié,2008/2009,1.03232116476,Spain LIGA BBVA
Elche CF,2013/2014,0.982364789565,Spain LIGA BBVA
Elche CF,2014/2015,0.959874722943,Spain LIGA BBVA
Villarreal CF,2011/2012,1.00736793027,Spain LIGA BBVA
Villarreal CF,2013/2014,0.985115399667,Spain LIGA BBVA
Villarreal CF,2015/2016,0.993377319842,Spain LIGA BBVA
Villarreal CF,2008/2009,1.02143232214,Spain LIGA BBVA
Villarreal CF,2010/2011,0.995576006455,Spain LIGA BBVA
Villarreal CF,2014/2015,0.962138368208,Spain LIGA BBVA
Villarreal CF,2009/2010,1.00457622348,Spain LIGA BBVA
RC Recreativo,2008/2009,1.01080067095,Spain LIGA BBVA
Valencia CF,2011/2012,0.973827462298,Spain LIGA BBVA
Valencia CF,2013/2014,0.973883567151,Spain LIGA BBVA
Valencia CF,2015/2016,0.989117612898,Spain LIGA BBVA
Valencia CF,2012/2013,0.975069063601,Spain LIGA BBVA
Valencia CF,2008/2009,1.02209709507,Spain LIGA BBVA
Valencia CF,2010/2011,0.991575862393,Spain LIGA BBVA
Valencia CF,2014/2015,0.960665547532,Spain LIGA BBVA
Valencia CF,2009/2010,0.988524410855,Spain LIGA BBVA
UD Las Palmas,2015/2016,0.966190181393,Spain LIGA BBVA
Hércules Club de Fútbol,2010/2011,0.992661276821,Spain LIGA BBVA
Real Valladolid,2013/2014,0.982343874458,Spain LIGA BBVA
Real Valladolid,2012/2013,0.99855040301,Spain LIGA BBVA
Real Valladolid,2009/2010,0.998761323129,Spain LIGA BBVA
Real Valladolid,2008/2009,1.02701099814,Spain LIGA BBVA
Rayo Vallecano,2011/2012,1.00709759708,Spain LIGA BBVA
Rayo Vallecano,2013/2014,0.968795913726,Spain LIGA BBVA
Rayo Vallecano,2015/2016,0.983281314181,Spain LIGA BBVA
Rayo Vallecano,2012/2013,0.996707398096,Spain LIGA BBVA
Rayo Vallecano,2014/2015,0.968432343868,Spain LIGA BBVA
Sevilla FC,2011/2012,0.996520879934,Spain LIGA BBVA
Sevilla FC,2013/2014,0.983189535699,Spain LIGA BBVA
Sevilla FC,2015/2016,0.97507312672,Spain LIGA BBVA
Sevilla FC,2012/2013,0.998398765876,Spain LIGA BBVA
Sevilla FC,2008/2009,1.01151285146,Spain LIGA BBVA
Sevilla FC,2010/2011,0.997825327405,Spain LIGA BBVA
Sevilla FC,2014/2015,0.966674265377,Spain LIGA BBVA
Sevilla FC,2009/2010,0.968811500919,Spain LIGA BBVA
Real Sociedad,2011/2012,0.984205058571,Spain LIGA BBVA
Real Sociedad,2013/2014,0.987150734748,Spain LIGA BBVA
Real Sociedad,2015/2016,1.00677390057,Spain LIGA BBVA
Real Sociedad,2012/2013,1.00461535114,Spain LIGA BBVA
Real Sociedad,2010/2011,1.01091629213,Spain LIGA BBVA
Real Sociedad,2014/2015,0.992980730684,Spain LIGA BBVA
Getafe CF,2011/2012,0.993421337189,Spain LIGA BBVA
Getafe CF,2013/2014,0.982460291749,Spain LIGA BBVA
Getafe CF,2015/2016,0.975731197148,Spain LIGA BBVA
Getafe CF,2012/2013,1.00263773384,Spain LIGA BBVA
Getafe CF,2008/2009,1.03435489867,Spain LIGA BBVA
Getafe CF,2010/2011,1.01009888703,Spain LIGA BBVA
Getafe CF,2014/2015,0.980480079761,Spain LIGA BBVA
Getafe CF,2009/2010,1.02039583092,Spain LIGA BBVA
Atlético Madrid,2011/2012,0.981492948649,Spain LIGA BBVA
Atlético Madrid,2013/2014,0.853399235845,Spain LIGA BBVA
Atlético Madrid,2015/2016,0.892907006387,Spain LIGA BBVA
Atlético Madrid,2012/2013,0.959694988207,Spain LIGA BBVA
Atlético Madrid,2008/2009,1.00997019426,Spain LIGA BBVA
Atlético Madrid,2010/2011,0.998765579799,Spain LIGA BBVA
Atlético Madrid,2014/2015,0.892508256442,Spain LIGA BBVA
Atlético Madrid,2009/2010,1.00848945791,Spain LIGA BBVA
CA Osasuna,2011/2012,0.99790966457,Spain LIGA BBVA
CA Osasuna,2013/2014,0.962575921905,Spain LIGA BBVA
CA Osasuna,2012/2013,1.00209749575,Spain LIGA BBVA
CA Osasuna,2008/2009,1.03637468447,Spain LIGA BBVA
CA Osasuna,2010/2011,1.00776106494,Spain LIGA BBVA
CA Osasuna,2009/2010,1.01869613148,Spain LIGA BBVA
SD Eibar,2015/2016,0.990169231075,Spain LIGA BBVA
SD Eibar,2014/2015,0.95162918086,Spain LIGA BBVA
RC Celta de Vigo,2013/2014,0.991900084794,Spain LIGA BBVA
RC Celta de Vigo,2014/2015,0.98902095462,Spain LIGA BBVA
RC Celta de Vigo,2015/2016,0.997944588888,Spain LIGA BBVA
RC Celta de Vigo,2012/2013,0.998680811417,Spain LIGA BBVA
RC Deportivo de La Coruña,2015/2016,0.989736710341,Spain LIGA BBVA
RC Deportivo de La Coruña,2012/2013,0.999643701718,Spain LIGA BBVA
RC Deportivo de La Coruña,2008/2009,1.04238877979,Spain LIGA BBVA
RC Deportivo de La Coruña,2010/2011,1.01261263357,Spain LIGA BBVA
RC Deportivo de La Coruña,2014/2015,0.975343389239,Spain LIGA BBVA
RC Deportivo de La Coruña,2009/2010,1.02318838789,Spain LIGA BBVA
Racing Santander,2011/2012,0.957601055643,Spain LIGA BBVA
Racing Santander,2010/2011,0.996361809425,Spain LIGA BBVA
Racing Santander,2009/2010,1.0097774329,Spain LIGA BBVA
Racing Santander,2008/2009,1.03476802706,Spain LIGA BBVA
Real Madrid CF,2011/2012,0.689846794498,Spain LIGA BBVA
Real Madrid CF,2013/2014,0.715362140307,Spain LIGA BBVA
Real Madrid CF,2015/2016,0.733983016283,Spain LIGA BBVA
Real Madrid CF,2012/2013,0.7680208653,Spain LIGA BBVA
Real Madrid CF,2008/2009,0.932917850992,Spain LIGA BBVA
Real Madrid CF,2010/2011,0.768360718864,Spain LIGA BBVA
Real Madrid CF,2014/2015,0.680268129312,Spain LIGA BBVA
Real Madrid CF,2009/2010,0.791027916738,Spain LIGA BBVA
FC Barcelona,2011/2012,0.633426799975,Spain LIGA BBVA
FC Barcelona,2013/2014,0.673565166425,Spain LIGA BBVA
FC Barcelona,2015/2016,0.637001475155,Spain LIGA BBVA
FC Barcelona,2012/2013,0.705304203628,Spain LIGA BBVA
FC Barcelona,2008/2009,0.846811084758,Spain LIGA BBVA
FC Barcelona,2010/2011,0.714678602779,Spain LIGA BBVA
FC Barcelona,2014/2015,0.653760290192,Spain LIGA BBVA
FC Barcelona,2009/2010,0.743382890072,Spain LIGA BBVA
Athletic Club de Bilbao,2011/2012,0.986315371989,Spain LIGA BBVA
Athletic Club de Bilbao,2013/2014,0.98379366389,Spain LIGA BBVA
Athletic Club de Bilbao,2015/2016,0.97398164308,Spain LIGA BBVA
Athletic Club de Bilbao,2012/2013,1.01079422933,Spain LIGA BBVA
Athletic Club de Bilbao,2008/2009,1.02865539172,Spain LIGA BBVA
Athletic Club de Bilbao,2010/2011,1.01666012465,Spain LIGA BBVA
Athletic Club de Bilbao,2014/2015,0.9844359897,Spain LIGA BBVA
Athletic Club de Bilbao,2009/2010,1.01878883116,Spain LIGA BBVA
Córdoba CF,2014/2015,0.922285832172,Spain LIGA BBVA
RCD Mallorca,2011/2012,0.999178910129,Spain LIGA BBVA
RCD Mallorca,2010/2011,1.01187192221,Spain LIGA BBVA
RCD Mallorca,2012/2013,1.00343470573,Spain LIGA BBVA
RCD Mallorca,2009/2010,1.00978387438,Spain LIGA BBVA
RCD Mallorca,2008/2009,1.03147812599,Spain LIGA BBVA
KSV Cercle Brugge,2011/2012,1.02761648387,Belgium Jupiler League
KSV Cercle Brugge,2012/2013,1.02826998954,Belgium Jupiler League
KSV Cercle Brugge,2008/2009,1.01551402385,Belgium Jupiler League
KSV Cercle Brugge,2010/2011,1.01682652564,Belgium Jupiler League
KSV Cercle Brugge,2014/2015,0.973126907017,Belgium Jupiler League
KSV Cercle Brugge,2009/2010,1.02956705683,Belgium Jupiler League
Standard de Liège,2011/2012,0.98400958561,Belgium Jupiler League
Standard de Liège,2015/2016,1.01266688573,Belgium Jupiler League
Standard de Liège,2012/2013,0.990436928488,Belgium Jupiler League
Standard de Liège,2008/2009,0.911462061092,Belgium Jupiler League
Standard de Liège,2010/2011,0.995458961371,Belgium Jupiler League
Standard de Liège,2014/2015,0.99474852889,Belgium Jupiler League
Standard de Liège,2009/2010,0.970366928721,Belgium Jupiler League
Sporting Charleroi,2015/2016,1.03219772028,Belgium Jupiler League
Sporting Charleroi,2012/2013,0.985187184671,Belgium Jupiler League
Sporting Charleroi,2008/2009,1.01778459842,Belgium Jupiler League
Sporting Charleroi,2010/2011,0.983673479861,Belgium Jupiler League
Sporting Charleroi,2014/2015,1.02912216774,Belgium Jupiler League
Sporting Charleroi,2009/2010,1.01549583467,Belgium Jupiler League
KRC Genk,2011/2012,1.00111551613,Belgium Jupiler League
KRC Genk,2015/2016,1.02136096715,Belgium Jupiler League
KRC Genk,2012/2013,1.00956124857,Belgium Jupiler League
KRC Genk,2008/2009,0.991615757206,Belgium Jupiler League
KRC Genk,2010/2011,0.980404351439,Belgium Jupiler League
KRC Genk,2014/2015,1.03346803768,Belgium Jupiler League
KRC Genk,2009/2010,1.03570474216,Belgium Jupiler League
Lierse SK,2011/2012,0.994234270672,Belgium Jupiler League
Lierse SK,2014/2015,0.9666704603,Belgium Jupiler League
Lierse SK,2010/2011,0.989390851999,Belgium Jupiler League
Lierse SK,2012/2013,0.994919319238,Belgium Jupiler League
KAA Gent,2011/2012,0.973337405997,Belgium Jupiler League
KAA Gent,2015/2016,0.958627939649,Belgium Jupiler League
KAA Gent,2012/2013,0.996607091319,Belgium Jupiler League
KAA Gent,2008/2009,1.00014098052,Belgium Jupiler League
KAA Gent,2010/2011,1.00008976621,Belgium Jupiler League
KAA Gent,2014/2015,0.99936321242,Belgium Jupiler League
KAA Gent,2009/2010,1.00679445627,Belgium Jupiler League
Beerschot AC,2011/2012,1.01162077152,Belgium Jupiler League
Beerschot AC,2010/2011,1.0312704722,Belgium Jupiler League
Beerschot AC,2012/2013,1.0025043963,Belgium Jupiler League
Beerschot AC,2009/2010,1.02002778155,Belgium Jupiler League
Beerschot AC,2008/2009,1.03597383983,Belgium Jupiler League
Sporting Lokeren,2011/2012,1.02579840835,Belgium Jupiler League
Sporting Lokeren,2015/2016,1.02651662789,Belgium Jupiler League
Sporting Lokeren,2012/2013,1.0309057091,Belgium Jupiler League
Sporting Lokeren,2008/2009,1.03586788933,Belgium Jupiler League
Sporting Lokeren,2010/2011,1.02655990908,Belgium Jupiler League
Sporting Lokeren,2014/2015,1.01929930366,Belgium Jupiler League
Sporting Lokeren,2009/2010,1.01765345951,Belgium Jupiler League
FCV Dender EH,2008/2009,0.982579148486,Belgium Jupiler League
Royal Excel Mouscron,2008/2009,1.02560554582,Belgium Jupiler League
Sint-Truidense VV,2011/2012,0.969731335524,Belgium Jupiler League
Sint-Truidense VV,2010/2011,1.01361452991,Belgium Jupiler League
Sint-Truidense VV,2015/2016,0.997269303328,Belgium Jupiler League
Sint-Truidense VV,2009/2010,1.01775053265,Belgium Jupiler League
RAEC Mons,2011/2012,1.02075187916,Belgium Jupiler League
RAEC Mons,2012/2013,1.02007442712,Belgium Jupiler League
RAEC Mons,2008/2009,0.999347261097,Belgium Jupiler League
KSV Roeselare,2009/2010,0.946932085862,Belgium Jupiler League
KSV Roeselare,2008/2009,0.979304865513,Belgium Jupiler League
KV Mechelen,2011/2012,1.03117102654,Belgium Jupiler League
KV Mechelen,2015/2016,1.028502725,Belgium Jupiler League
KV Mechelen,2012/2013,1.0247130616,Belgium Jupiler League
KV Mechelen,2008/2009,1.01383913481,Belgium Jupiler League
KV Mechelen,2010/2011,1.03559088901,Belgium Jupiler League
KV Mechelen,2014/2015,1.03645382084,Belgium Jupiler League
KV Mechelen,2009/2010,1.03004219139,Belgium Jupiler League
Tubize,2008/2009,0.95113335439,Belgium Jupiler League
Royal Excel Mouscron,2015/2016,0.986112258781,Belgium Jupiler League
Royal Excel Mouscron,2014/2015,1.0038230803,Belgium Jupiler League
Club Brugge KV,2011/2012,0.961771847902,Belgium Jupiler League
Club Brugge KV,2015/2016,0.940035103117,Belgium Jupiler League
Club Brugge KV,2012/2013,0.968878695928,Belgium Jupiler League
Club Brugge KV,2008/2009,0.972089066447,Belgium Jupiler League
Club Brugge KV,2010/2011,0.98328366407,Belgium Jupiler League
Club Brugge KV,2014/2015,0.926532527508,Belgium Jupiler League
Club Brugge KV,2009/2010,0.973988989809,Belgium Jupiler League
KAS Eupen,2010/2011,0.967411260863,Belgium Jupiler League
SV Zulte-Waregem,2011/2012,1.02401413983,Belgium Jupiler League
SV Zulte-Waregem,2015/2016,1.03323909666,Belgium Jupiler League
SV Zulte-Waregem,2012/2013,1.03272555223,Belgium Jupiler League
SV Zulte-Waregem,2008/2009,1.02216037326,Belgium Jupiler League
SV Zulte-Waregem,2010/2011,1.02986442029,Belgium Jupiler League
SV Zulte-Waregem,2014/2015,1.03477421565,Belgium Jupiler League
SV Zulte-Waregem,2009/2010,1.03065109559,Belgium Jupiler League
RSC Anderlecht,2011/2012,0.884611517147,Belgium Jupiler League
RSC Anderlecht,2015/2016,0.939361027555,Belgium Jupiler League
RSC Anderlecht,2012/2013,0.897210540847,Belgium Jupiler League
RSC Anderlecht,2008/2009,0.906144407687,Belgium Jupiler League
RSC Anderlecht,2010/2011,0.909300606471,Belgium Jupiler League
RSC Anderlecht,2014/2015,0.928518232399,Belgium Jupiler League
RSC Anderlecht,2009/2010,0.909342596648,Belgium Jupiler League
KVC Westerlo,2011/2012,0.991095727976,Belgium Jupiler League
KVC Westerlo,2015/2016,0.979825922496,Belgium Jupiler League
KVC Westerlo,2008/2009,1.03195851667,Belgium Jupiler League
KVC Westerlo,2010/2011,1.02956395683,Belgium Jupiler League
KVC Westerlo,2014/2015,1.00493888012,Belgium Jupiler League
KVC Westerlo,2009/2010,1.01725378785,Belgium Jupiler League
Oud-Heverlee Leuven,2011/2012,0.974940289119,Belgium Jupiler League
Oud-Heverlee Leuven,2015/2016,1.0172043197,Belgium Jupiler League
Oud-Heverlee Leuven,2012/2013,1.01016584538,Belgium Jupiler League
Waasland-Beveren,2014/2015,0.989015933583,Belgium Jupiler League
Waasland-Beveren,2015/2016,0.966422542097,Belgium Jupiler League
Waasland-Beveren,2012/2013,0.986367723812,Belgium Jupiler League
KV Kortrijk,2011/2012,1.02514321317,Belgium Jupiler League
KV Kortrijk,2015/2016,1.03830121985,Belgium Jupiler League
KV Kortrijk,2012/2013,1.02745945447,Belgium Jupiler League
KV Kortrijk,2008/2009,1.01235137494,Belgium Jupiler League
KV Kortrijk,2010/2011,1.0316610796,Belgium Jupiler League
KV Kortrijk,2014/2015,1.02739998692,Belgium Jupiler League
KV Kortrijk,2009/2010,1.02242372163,Belgium Jupiler League
KV Oostende,2015/2016,1.02604265137,Belgium Jupiler League
KV Oostende,2014/2015,1.02526253718,Belgium Jupiler League
AC Ajaccio,2011/2012,0.994182982513,France Ligue 1
AC Ajaccio,2013/2014,0.955739297502,France Ligue 1
AC Ajaccio,2012/2013,1.0230407058,France Ligue 1
ES Troyes AC,2015/2016,0.956690369509,France Ligue 1
ES Troyes AC,2012/2013,1.0098389286,France Ligue 1
FC Metz,2014/2015,1.01414116459,France Ligue 1
AJ Auxerre,2011/2012,1.04521407984,France Ligue 1
AJ Auxerre,2010/2011,1.04865860607,France Ligue 1
AJ Auxerre,2009/2010,1.03086285076,France Ligue 1
AJ Auxerre,2008/2009,1.04483580865,France Ligue 1
Montpellier Hérault SC,2011/2012,1.0187544987,France Ligue 1
Montpellier Hérault SC,2013/2014,1.03823171904,France Ligue 1
Montpellier Hérault SC,2015/2016,1.03812531235,France Ligue 1
Montpellier Hérault SC,2012/2013,1.02879319323,France Ligue 1
Montpellier Hérault SC,2010/2011,1.04777534811,France Ligue 1
Montpellier Hérault SC,2014/2015,1.04254252812,France Ligue 1
Montpellier Hérault SC,2009/2010,1.04164510644,France Ligue 1
US Boulogne Cote D'Opale,2009/2010,0.974740657753,France Ligue 1
SM Caen,2011/2012,1.03517574384,France Ligue 1
SM Caen,2010/2011,1.0319190371,France Ligue 1
SM Caen,2015/2016,1.04217307161,France Ligue 1
SM Caen,2014/2015,1.03591012564,France Ligue 1
SM Caen,2008/2009,1.04216720127,France Ligue 1
RC Lens,2010/2011,1.02896432433,France Ligue 1
RC Lens,2014/2015,1.00505590742,France Ligue 1
RC Lens,2009/2010,1.02833336115,France Ligue 1
Stade de Reims,2013/2014,1.02500095703,France Ligue 1
Stade de Reims,2014/2015,1.01320895948,France Ligue 1
Stade de Reims,2015/2016,1.03212574639,France Ligue 1
Stade de Reims,2012/2013,1.00821951346,France Ligue 1
Olympique de Marseille,2011/2012,1.01291279686,France Ligue 1
Olympique de Marseille,2013/2014,1.01814817677,France Ligue 1
Olympique de Marseille,2015/2016,1.01848786717,France Ligue 1
Olympique de Marseille,2012/2013,1.0082917504,France Ligue 1
Olympique de Marseille,2008/2009,0.999123460608,France Ligue 1
Olympique de Marseille,2010/2011,0.986880730603,France Ligue 1
Olympique de Marseille,2014/2015,0.981731802083,France Ligue 1
Olympique de Marseille,2009/2010,0.958139913005,France Ligue 1
Valenciennes FC,2011/2012,1.04355911339,France Ligue 1
Valenciennes FC,2013/2014,1.01210492817,France Ligue 1
Valenciennes FC,2012/2013,1.03057615752,France Ligue 1
Valenciennes FC,2008/2009,1.0245343341,France Ligue 1
Valenciennes FC,2010/2011,1.04221494501,France Ligue 1
Valenciennes FC,2009/2010,1.02603054723,France Ligue 1
FC Sochaux-Montbéliard,2011/2012,1.02332466484,France Ligue 1
FC Sochaux-Montbéliard,2013/2014,1.0041859083,France Ligue 1
FC Sochaux-Montbéliard,2012/2013,1.00757178113,France Ligue 1
FC Sochaux-Montbéliard,2008/2009,1.03489098527,France Ligue 1
FC Sochaux-Montbéliard,2010/2011,1.03881143847,France Ligue 1
FC Sochaux-Montbéliard,2009/2010,1.02958620983,France Ligue 1
En Avant de Guingamp,2013/2014,1.02697682384,France Ligue 1
En Avant de Guingamp,2015/2016,1.03225103106,France Ligue 1
En Avant de Guingamp,2014/2015,1.03028898601,France Ligue 1
Olympique Lyonnais,2011/2012,0.997417437771,France Ligue 1
Olympique Lyonnais,2013/2014,1.02058258743,France Ligue 1
Olympique Lyonnais,2015/2016,0.994041507085,France Ligue 1
Olympique Lyonnais,2012/2013,1.00636413831,France Ligue 1
Olympique Lyonnais,2008/2009,0.946516718299,France Ligue 1
Olympique Lyonnais,2010/2011,0.987466925488,France Ligue 1
Olympique Lyonnais,2014/2015,1.00377703574,France Ligue 1
Olympique Lyonnais,2009/2010,0.947106572305,France Ligue 1
Toulouse FC,2011/2012,1.04949870235,France Ligue 1
Toulouse FC,2013/2014,1.02884414097,France Ligue 1
Toulouse FC,2015/2016,1.0358493876,France Ligue 1
Toulouse FC,2012/2013,1.03963827274,France Ligue 1
Toulouse FC,2008/2009,1.04463820897,France Ligue 1
Toulouse FC,2010/2011,1.03832866136,France Ligue 1
Toulouse FC,2014/2015,1.04258287552,France Ligue 1
Toulouse FC,2009/2010,1.03614511472,France Ligue 1
Évian Thonon Gaillard FC,2011/2012,1.03297501713,France Ligue 1
Évian Thonon Gaillard FC,2013/2014,1.01112108486,France Ligue 1
Évian Thonon Gaillard FC,2012/2013,1.02707530086,France Ligue 1
Évian Thonon Gaillard FC,2014/2015,1.01312447436,France Ligue 1
AC Arles-Avignon,2010/2011,0.937351080654,France Ligue 1
Stade Brestois 29,2011/2012,1.03621692167,France Ligue 1
Stade Brestois 29,2010/2011,1.03940186841,France Ligue 1
Stade Brestois 29,2012/2013,1.00672537494,France Ligue 1
AS Nancy-Lorraine,2011/2012,1.03329645666,France Ligue 1
AS Nancy-Lorraine,2010/2011,1.03316442629,France Ligue 1
AS Nancy-Lorraine,2012/2013,1.02754296556,France Ligue 1
AS Nancy-Lorraine,2009/2010,1.0391949795,France Ligue 1
AS Nancy-Lorraine,2008/2009,1.03852046063,France Ligue 1
Girondins de Bordeaux,2011/2012,1.04240443185,France Ligue 1
Girondins de Bordeaux,2013/2014,1.0431042483,France Ligue 1
Girondins de Bordeaux,2015/2016,1.03725431838,France Ligue 1
Girondins de Bordeaux,2012/2013,1.03301069629,France Ligue 1
Girondins de Bordeaux,2008/2009,0.99563053831,France Ligue 1
Girondins de Bordeaux,2010/2011,1.03570692363,France Ligue 1
Girondins de Bordeaux,2014/2015,1.04206781592,France Ligue 1
Girondins de Bordeaux,2009/2010,0.970361417962,France Ligue 1
AS Monaco,2013/2014,0.941806976886,France Ligue 1
AS Monaco,2015/2016,1.01537730353,France Ligue 1
AS Monaco,2008/2009,1.03596252274,France Ligue 1
AS Monaco,2010/2011,1.04583727618,France Ligue 1
AS Monaco,2014/2015,0.99779487599,France Ligue 1
AS Monaco,2009/2010,1.03116393797,France Ligue 1
FC Nantes,2013/2014,1.03805721049,France Ligue 1
FC Nantes,2015/2016,1.04560402666,France Ligue 1
FC Nantes,2014/2015,1.0323549702,France Ligue 1
FC Nantes,2008/2009,1.03328110974,France Ligue 1
OGC Nice,2011/2012,1.03628900347,France Ligue 1
OGC Nice,2013/2014,1.01945023862,France Ligue 1
OGC Nice,2015/2016,1.04419513995,France Ligue 1
OGC Nice,2012/2013,1.0430002728,France Ligue 1
OGC Nice,2008/2009,1.04894146225,France Ligue 1
OGC Nice,2010/2011,1.02998871498,France Ligue 1
OGC Nice,2014/2015,1.03668876461,France Ligue 1
OGC Nice,2009/2010,1.02855570411,France Ligue 1
Le Mans FC,2009/2010,1.01126486501,France Ligue 1
Le Mans FC,2008/2009,1.04055495795,France Ligue 1
Dijon FCO,2011/2012,1.0150105475,France Ligue 1
Le Havre AC,2008/2009,1.00059287536,France Ligue 1
FC Lorient,2011/2012,1.03782427539,France Ligue 1
FC Lorient,2013/2014,1.0235900741,France Ligue 1
FC Lorient,2015/2016,1.03298775231,France Ligue 1
FC Lorient,2012/2013,1.03636746503,France Ligue 1
FC Lorient,2008/2009,1.04070982553,France Ligue 1
FC Lorient,2010/2011,1.05056221638,France Ligue 1
FC Lorient,2014/2015,1.02538491878,France Ligue 1
FC Lorient,2009/2010,1.03608258526,France Ligue 1
SC Bastia,2013/2014,1.01621448347,France Ligue 1
SC Bastia,2014/2015,1.01755781153,France Ligue 1
SC Bastia,2015/2016,1.01564609306,France Ligue 1
SC Bastia,2012/2013,1.02599892043,France Ligue 1
LOSC Lille,2011/2012,0.984011001287,France Ligue 1
LOSC Lille,2013/2014,1.00792295541,France Ligue 1
LOSC Lille,2015/2016,1.02983151224,France Ligue 1
LOSC Lille,2012/2013,1.00055328143,France Ligue 1
LOSC Lille,2008/2009,1.02789802699,France Ligue 1
LOSC Lille,2010/2011,0.992291297061,France Ligue 1
LOSC Lille,2014/2015,1.03482673556,France Ligue 1
LOSC Lille,2009/2010,0.998712433614,France Ligue 1
Paris Saint-Germain,2011/2012,0.976040034623,France Ligue 1
Paris Saint-Germain,2013/2014,0.810100222499,France Ligue 1
Paris Saint-Germain,2015/2016,0.788117793641,France Ligue 1
Paris Saint-Germain,2012/2013,0.888719642825,France Ligue 1
Paris Saint-Germain,2008/2009,1.02046599275,France Ligue 1
Paris Saint-Germain,2010/2011,1.01981768061,France Ligue 1
Paris Saint-Germain,2014/2015,0.818040499057,France Ligue 1
Paris Saint-Germain,2009/2010,1.03597438143,France Ligue 1
GFC Ajaccio,2015/2016,1.008406636,France Ligue 1
Angers SCO,2015/2016,1.03112431448,France Ligue 1
Stade Rennais FC,2011/2012,1.04063136864,France Ligue 1
Stade Rennais FC,2013/2014,1.04053973016,France Ligue 1
Stade Rennais FC,2015/2016,1.05307064011,France Ligue 1
Stade Rennais FC,2012/2013,1.04946374432,France Ligue 1
Stade Rennais FC,2008/2009,1.03901129002,France Ligue 1
Stade Rennais FC,2010/2011,1.04676303641,France Ligue 1
Stade Rennais FC,2014/2015,1.0426018197,France Ligue 1
Stade Rennais FC,2009/2010,1.03259561409,France Ligue 1
AS Saint-Étienne,2011/2012,1.04356848238,France Ligue 1
AS Saint-Étienne,2013/2014,1.00705689671,France Ligue 1
AS Saint-Étienne,2015/2016,1.02815621862,France Ligue 1
AS Saint-Étienne,2012/2013,1.02153288436,France Ligue 1
AS Saint-Étienne,2008/2009,1.04289317717,France Ligue 1
AS Saint-Étienne,2010/2011,1.04257197038,France Ligue 1
AS Saint-Étienne,2014/2015,1.0202162388,France Ligue 1
AS Saint-Étienne,2009/2010,1.03103665042,France Ligue 1
Grenoble Foot 38,2009/2010,0.986417266214,France Ligue 1
Grenoble Foot 38,2008/2009,1.02965687839,France Ligue 1
Leicester City,2015/2016,1.04306234269,England Premier League
Leicester City,2014/2015,0.995124279919,England Premier League
Reading,2012/2013,0.962696717054,England Premier League
Chelsea,2011/2012,0.911683704813,England Premier League
Chelsea,2013/2014,0.870270132204,England Premier League
Chelsea,2015/2016,0.982173717391,England Premier League
Chelsea,2012/2013,0.942924298046,England Premier League
Chelsea,2008/2009,0.871528572305,England Premier League
Chelsea,2010/2011,0.847868011277,England Premier League
Chelsea,2014/2015,0.85921279805,England Premier League
Chelsea,2009/2010,0.813757788009,England Premier League
Manchester City,2011/2012,0.862793158526,England Premier League
Manchester City,2013/2014,0.836004574551,England Premier League
Manchester City,2015/2016,0.911504991495,England Premier League
Manchester City,2012/2013,0.887541029223,England Premier League
Manchester City,2008/2009,1.02852627842,England Premier League
Manchester City,2010/2011,0.973025375867,England Premier League
Manchester City,2014/2015,0.877495141493,England Premier League
Manchester City,2009/2010,0.967564726521,England Premier League
Liverpool,2011/2012,0.970277296892,England Premier League
Liverpool,2013/2014,0.885633543907,England Premier League
Liverpool,2015/2016,1.00105707087,England Premier League
Liverpool,2012/2013,0.972953323165,England Premier League
Liverpool,2008/2009,0.909147782504,England Premier League
Liverpool,2010/2011,0.996641775933,England Premier League
Liverpool,2014/2015,0.976624997125,England Premier League
Liverpool,2009/2010,0.927761615565,England Premier League
Aston Villa,2011/2012,1.00886223887,England Premier League
Aston Villa,2013/2014,0.994187581073,England Premier League
Aston Villa,2015/2016,0.963359235735,England Premier League
Aston Villa,2012/2013,0.99179870867,England Premier League
Aston Villa,2008/2009,1.01318308021,England Premier League
Aston Villa,2010/2011,1.02468246644,England Premier League
Aston Villa,2014/2015,0.988008918591,England Premier League
Aston Villa,2009/2010,1.0009533136,England Premier League
West Ham United,2013/2014,0.986977398841,England Premier League
West Ham United,2015/2016,1.01144477543,England Premier League
West Ham United,2012/2013,1.01469217614,England Premier League
West Ham United,2008/2009,1.01412298817,England Premier League
West Ham United,2010/2011,0.99405062436,England Premier League
West Ham United,2014/2015,1.0128109209,England Premier League
West Ham United,2009/2010,0.987516742592,England Premier League
Blackburn Rovers,2011/2012,0.983009830168,England Premier League
Blackburn Rovers,2010/2011,1.00301527649,England Premier League
Blackburn Rovers,2009/2010,0.998161262811,England Premier League
Blackburn Rovers,2008/2009,1.01842503301,England Premier League
Wigan Athletic,2011/2012,0.957364363201,England Premier League
Wigan Athletic,2010/2011,0.979164112374,England Premier League
Wigan Athletic,2012/2013,1.00493923864,England Premier League
Wigan Athletic,2009/2010,0.97851254955,England Premier League
Wigan Athletic,2008/2009,1.00709155817,England Premier League
Cardiff City,2013/2014,0.960863064505,England Premier League
Birmingham City,2010/2011,1.00842280014,England Premier League
Birmingham City,2009/2010,0.993657392541,England Premier League
West Bromwich Albion,2011/2012,1.00721722199,England Premier League
West Bromwich Albion,2013/2014,0.990835167017,England Premier League
West Bromwich Albion,2015/2016,0.996361835592,England Premier League
West Bromwich Albion,2012/2013,1.01735784402,England Premier League
West Bromwich Albion,2008/2009,0.970541432283,England Premier League
West Bromwich Albion,2010/2011,1.00328696403,England Premier League
West Bromwich Albion,2014/2015,1.01356237651,England Premier League
Manchester United,2011/2012,0.850821897062,England Premier League
Manchester United,2013/2014,0.933058520095,England Premier League
Manchester United,2015/2016,0.987632364433,England Premier League
Manchester United,2012/2013,0.883617160471,England Premier League
Manchester United,2008/2009,0.843126019967,England Premier League
Manchester United,2010/2011,0.897891470872,England Premier League
Manchester United,2014/2015,0.947178043257,England Premier League
Manchester United,2009/2010,0.83716498511,England Premier League
Portsmouth,2009/2010,0.945158551138,England Premier League
Portsmouth,2008/2009,1.02387739217,England Premier League
Fulham,2011/2012,1.00945146679,England Premier League
Fulham,2013/2014,0.966623974166,England Premier League
Fulham,2012/2013,1.01150689267,England Premier League
Fulham,2008/2009,1.01251115411,England Premier League
Fulham,2010/2011,1.01575810876,England Premier League
Fulham,2009/2010,1.00122029948,England Premier League
Sunderland,2011/2012,1.01033432285,England Premier League
Sunderland,2013/2014,0.973281133663,England Premier League
Sunderland,2015/2016,0.98141662695,England Premier League
Sunderland,2012/2013,1.00402613167,England Premier League
Sunderland,2008/2009,1.01087250639,England Premier League
Sunderland,2010/2011,1.0219576994,England Premier League
Sunderland,2014/2015,1.00172007666,England Premier League
Sunderland,2009/2010,0.99438422605,England Premier League
Watford,2015/2016,1.01611943618,England Premier League
Wolverhampton Wanderers,2011/2012,0.951675585539,England Premier League
Wolverhampton Wanderers,2010/2011,0.989081068864,England Premier League
Wolverhampton Wanderers,2009/2010,0.96345403377,England Premier League
Hull City,2013/2014,0.981086828541,England Premier League
Hull City,2014/2015,0.99644346401,England Premier League
Hull City,2009/2010,0.954043741267,England Premier League
Hull City,2008/2009,0.992200225741,England Premier League
Everton,2011/2012,1.00786798577,England Premier League
Everton,2013/2014,0.984590483741,England Premier League
Everton,2015/2016,1.0265752375,England Premier League
Everton,2012/2013,0.993409517517,England Premier League
Everton,2008/2009,1.01916506442,England Premier League
Everton,2010/2011,1.01353566432,England Premier League
Everton,2014/2015,1.01777255035,England Premier League
Everton,2009/2010,0.995614188733,England Premier League
Arsenal,2011/2012,0.938688143201,England Premier League
Arsenal,2013/2014,0.925925412898,England Premier League
Arsenal,2015/2016,0.929740177168,England Premier League
Arsenal,2012/2013,0.949647314508,England Premier League
Arsenal,2008/2009,0.928749848852,England Premier League
Arsenal,2010/2011,0.901373208866,England Premier League
Arsenal,2014/2015,0.934486896061,England Premier League
Arsenal,2009/2010,0.880299102346,England Premier League
Crystal Palace,2013/2014,0.942334408906,England Premier League
Crystal Palace,2015/2016,1.01980320559,England Premier League
Crystal Palace,2014/2015,0.998802961915,England Premier League
Blackpool,2010/2011,0.960324648159,England Premier League
Middlesbrough,2008/2009,1.01603517475,England Premier League
Bournemouth,2015/2016,1.02785107949,England Premier League
Southampton,2013/2014,1.01013178689,England Premier League
Southampton,2014/2015,1.00491395007,England Premier League
Southampton,2015/2016,1.02518527411,England Premier League
Southampton,2012/2013,0.990498117114,England Premier League
Stoke City,2011/2012,1.00589303082,England Premier League
Stoke City,2013/2014,0.990646249835,England Premier League
Stoke City,2015/2016,1.02993840107,England Premier League
Stoke City,2012/2013,1.01265664777,England Premier League
Stoke City,2008/2009,0.964859945093,England Premier League
Stoke City,2010/2011,1.01040934843,England Premier League
Stoke City,2014/2015,1.01692312584,England Premier League
Stoke City,2009/2010,0.98990776271,England Premier League
Bolton Wanderers,2011/2012,0.986897847584,England Premier League
Bolton Wanderers,2010/2011,1.01288596837,England Premier League
Bolton Wanderers,2009/2010,0.983692652825,England Premier League
Bolton Wanderers,2008/2009,1.00993606345,England Premier League
Swansea City,2011/2012,0.993528080339,England Premier League
Swansea City,2013/2014,1.01039468829,England Premier League
Swansea City,2015/2016,1.00699381122,England Premier League
Swansea City,2012/2013,1.01349163693,England Premier League
Swansea City,2014/2015,1.01108551935,England Premier League
Norwich City,2011/2012,0.977657847014,England Premier League
Norwich City,2013/2014,0.975580616296,England Premier League
Norwich City,2015/2016,1.01170214778,England Premier League
Norwich City,2012/2013,0.986614933328,England Premier League
Burnley,2014/2015,0.972223792406,England Premier League
Burnley,2009/2010,0.946428757534,England Premier League
Queens Park Rangers,2011/2012,0.977438655682,England Premier League
Queens Park Rangers,2014/2015,0.961670425302,England Premier League
Queens Park Rangers,2012/2013,0.981116617389,England Premier League
Tottenham Hotspur,2011/2012,0.963970772825,England Premier League
Tottenham Hotspur,2013/2014,0.986649478167,England Premier League
Tottenham Hotspur,2015/2016,0.991345532143,England Premier League
Tottenham Hotspur,2012/2013,0.991626021068,England Premier League
Tottenham Hotspur,2008/2009,1.02244727539,England Premier League
Tottenham Hotspur,2010/2011,1.00149714014,England Premier League
Tottenham Hotspur,2014/2015,1.01210838062,England Premier League
Tottenham Hotspur,2009/2010,0.970662775199,England Premier League
Newcastle United,2011/2012,1.01643431801,England Premier League
Newcastle United,2013/2014,1.00437713361,England Premier League
Newcastle United,2015/2016,0.993103877044,England Premier League
Newcastle United,2012/2013,1.01632055148,England Premier League
Newcastle United,2008/2009,1.01477243326,England Premier League
Newcastle United,2010/2011,1.01028459439,England Premier League
Newcastle United,2014/2015,1.00786102851,England Premier League
PSV,2011/2012,0.838294640713,Netherlands Eredivisie
PSV,2013/2014,0.890999947579,Netherlands Eredivisie
PSV,2015/2016,0.830711002687,Netherlands Eredivisie
PSV,2012/2013,0.806867030281,Netherlands Eredivisie
PSV,2008/2009,0.912461545885,Netherlands Eredivisie
PSV,2010/2011,0.836318080184,Netherlands Eredivisie
PSV,2014/2015,0.853544573247,Netherlands Eredivisie
PSV,2009/2010,0.850282925727,Netherlands Eredivisie
Go Ahead Eagles,2013/2014,0.968588390926,Netherlands Eredivisie
Go Ahead Eagles,2014/2015,0.965754623798,Netherlands Eredivisie
FC Volendam,2008/2009,0.927660715011,Netherlands Eredivisie
Roda JC Kerkrade,2011/2012,0.968427210665,Netherlands Eredivisie
Roda JC Kerkrade,2013/2014,0.976524100878,Netherlands Eredivisie
Roda JC Kerkrade,2015/2016,0.996242661974,Netherlands Eredivisie
Roda JC Kerkrade,2012/2013,0.966544396561,Netherlands Eredivisie
Roda JC Kerkrade,2008/2009,1.01064939255,Netherlands Eredivisie
Roda JC Kerkrade,2010/2011,0.98627304931,Netherlands Eredivisie
Roda JC Kerkrade,2009/2010,0.985261539373,Netherlands Eredivisie
Willem II,2015/2016,1.01497972227,Netherlands Eredivisie
Willem II,2012/2013,0.893776228942,Netherlands Eredivisie
Willem II,2008/2009,0.989837489446,Netherlands Eredivisie
Willem II,2010/2011,0.875582387101,Netherlands Eredivisie
Willem II,2014/2015,1.00549835293,Netherlands Eredivisie
Willem II,2009/2010,0.943087487127,Netherlands Eredivisie
De Graafschap,2011/2012,0.894131129152,Netherlands Eredivisie
De Graafschap,2010/2011,0.951218876028,Netherlands Eredivisie
De Graafschap,2015/2016,0.936965093951,Netherlands Eredivisie
De Graafschap,2008/2009,0.955711361608,Netherlands Eredivisie
PEC Zwolle,2013/2014,1.00175121733,Netherlands Eredivisie
PEC Zwolle,2014/2015,1.00863885251,Netherlands Eredivisie
PEC Zwolle,2015/2016,1.01342952436,Netherlands Eredivisie
PEC Zwolle,2012/2013,0.972652109511,Netherlands Eredivisie
N.E.C.,2011/2012,0.978289289203,Netherlands Eredivisie
N.E.C.,2013/2014,0.987433998748,Netherlands Eredivisie
N.E.C.,2015/2016,1.01247791677,Netherlands Eredivisie
N.E.C.,2012/2013,0.994882023626,Netherlands Eredivisie
N.E.C.,2008/2009,1.01334644564,Netherlands Eredivisie
N.E.C.,2010/2011,0.994437844701,Netherlands Eredivisie
N.E.C.,2009/2010,0.981568819668,Netherlands Eredivisie
Ajax,2011/2012,0.827136487197,Netherlands Eredivisie
Ajax,2013/2014,0.853753064607,Netherlands Eredivisie
Ajax,2015/2016,0.87864543668,Netherlands Eredivisie
Ajax,2012/2013,0.832747973087,Netherlands Eredivisie
Ajax,2008/2009,0.914818382643,Netherlands Eredivisie
Ajax,2010/2011,0.82836233931,Netherlands Eredivisie
Ajax,2014/2015,0.921851083722,Netherlands Eredivisie
Ajax,2009/2010,0.823248245471,Netherlands Eredivisie
Vitesse,2011/2012,0.97293265501,Netherlands Eredivisie
Vitesse,2013/2014,0.970164965023,Netherlands Eredivisie
Vitesse,2015/2016,0.984763766188,Netherlands Eredivisie
Vitesse,2012/2013,0.984343636467,Netherlands Eredivisie
Vitesse,2008/2009,1.00168871552,Netherlands Eredivisie
Vitesse,2010/2011,0.973532865911,Netherlands Eredivisie
Vitesse,2014/2015,0.964046154797,Netherlands Eredivisie
Vitesse,2009/2010,0.988115562049,Netherlands Eredivisie
NAC Breda,2011/2012,0.966601361936,Netherlands Eredivisie
NAC Breda,2013/2014,0.98146386164,Netherlands Eredivisie
NAC Breda,2012/2013,0.970799665743,Netherlands Eredivisie
NAC Breda,2008/2009,1.01268489038,Netherlands Eredivisie
NAC Breda,2010/2011,0.9822612669,Netherlands Eredivisie
NAC Breda,2014/2015,0.963121811788,Netherlands Eredivisie
NAC Breda,2009/2010,1.00967683721,Netherlands Eredivisie
FC Groningen,2011/2012,0.972956479599,Netherlands Eredivisie
FC Groningen,2013/2014,1.00299649161,Netherlands Eredivisie
FC Groningen,2015/2016,1.01501490968,Netherlands Eredivisie
FC Groningen,2012/2013,0.999922857367,Netherlands Eredivisie
FC Groningen,2008/2009,1.0061210505,Netherlands Eredivisie
FC Groningen,2010/2011,0.98770099427,Netherlands Eredivisie
FC Groningen,2014/2015,1.00035010055,Netherlands Eredivisie
FC Groningen,2009/2010,1.00047355263,Netherlands Eredivisie
FC Twente,2011/2012,0.880455301326,Netherlands Eredivisie
FC Twente,2013/2014,0.916638975334,Netherlands Eredivisie
FC Twente,2015/2016,1.01402320005,Netherlands Eredivisie
FC Twente,2012/2013,0.935013106762,Netherlands Eredivisie
FC Twente,2008/2009,0.966434666001,Netherlands Eredivisie
FC Twente,2010/2011,0.902071322489,Netherlands Eredivisie
FC Twente,2014/2015,0.958482983875,Netherlands Eredivisie
FC Twente,2009/2010,0.911701593034,Netherlands Eredivisie
Sparta Rotterdam,2009/2010,0.960827852011,Netherlands Eredivisie
Sparta Rotterdam,2008/2009,0.973756026564,Netherlands Eredivisie
FC Dordrecht,2014/2015,0.895922495472,Netherlands Eredivisie
ADO Den Haag,2011/2012,0.961742005031,Netherlands Eredivisie
ADO Den Haag,2013/2014,0.967691285135,Netherlands Eredivisie
ADO Den Haag,2015/2016,1.01477651956,Netherlands Eredivisie
ADO Den Haag,2012/2013,0.98038373836,Netherlands Eredivisie
ADO Den Haag,2008/2009,0.971833161533,Netherlands Eredivisie
ADO Den Haag,2010/2011,0.991124131693,Netherlands Eredivisie
ADO Den Haag,2014/2015,0.998712470632,Netherlands Eredivisie
ADO Den Haag,2009/2010,0.95391725156,Netherlands Eredivisie
Excelsior,2011/2012,0.84760814295,Netherlands Eredivisie
Excelsior,2010/2011,0.925401094975,Netherlands Eredivisie
Excelsior,2015/2016,0.972817567642,Netherlands Eredivisie
Excelsior,2014/2015,0.980766022137,Netherlands Eredivisie
RKC Waalwijk,2011/2012,0.958312701946,Netherlands Eredivisie
RKC Waalwijk,2013/2014,0.963985954851,Netherlands Eredivisie
RKC Waalwijk,2012/2013,0.981018444104,Netherlands Eredivisie
RKC Waalwijk,2009/2010,0.89995364437,Netherlands Eredivisie
SC Cambuur,2013/2014,0.984981863664,Netherlands Eredivisie
SC Cambuur,2015/2016,0.978908900711,Netherlands Eredivisie
SC Cambuur,2014/2015,1.01707697315,Netherlands Eredivisie
VVV-Venlo,2011/2012,0.884121809615,Netherlands Eredivisie
VVV-Venlo,2010/2011,0.925823038001,Netherlands Eredivisie
VVV-Venlo,2012/2013,0.930642952514,Netherlands Eredivisie
VVV-Venlo,2009/2010,0.983650176784,Netherlands Eredivisie
FC Utrecht,2011/2012,0.965265353956,Netherlands Eredivisie
FC Utrecht,2013/2014,0.998109981098,Netherlands Eredivisie
FC Utrecht,2015/2016,1.0156914624,Netherlands Eredivisie
FC Utrecht,2012/2013,0.994179880632,Netherlands Eredivisie
FC Utrecht,2008/2009,1.01105960482,Netherlands Eredivisie
FC Utrecht,2010/2011,0.998025342618,Netherlands Eredivisie
FC Utrecht,2014/2015,1.00421252524,Netherlands Eredivisie
FC Utrecht,2009/2010,1.00285705281,Netherlands Eredivisie
AZ,2011/2012,0.902503681729,Netherlands Eredivisie
AZ,2013/2014,0.995337757675,Netherlands Eredivisie
AZ,2015/2016,1.01705664595,Netherlands Eredivisie
AZ,2012/2013,0.977139261672,Netherlands Eredivisie
AZ,2008/2009,0.9246807991,Netherlands Eredivisie
AZ,2010/2011,0.962237894771,Netherlands Eredivisie
AZ,2014/2015,1.01253061734,Netherlands Eredivisie
AZ,2009/2010,0.935530584082,Netherlands Eredivisie
SC Heerenveen,2011/2012,0.968048217995,Netherlands Eredivisie
SC Heerenveen,2013/2014,0.995720787366,Netherlands Eredivisie
SC Heerenveen,2015/2016,1.01537083137,Netherlands Eredivisie
SC Heerenveen,2012/2013,0.982165583763,Netherlands Eredivisie
SC Heerenveen,2008/2009,0.991278258676,Netherlands Eredivisie
SC Heerenveen,2010/2011,0.982436138321,Netherlands Eredivisie
SC Heerenveen,2014/2015,1.00771282238,Netherlands Eredivisie
SC Heerenveen,2009/2010,1.00002951522,Netherlands Eredivisie
Feyenoord,2011/2012,0.93898939404,Netherlands Eredivisie
Feyenoord,2013/2014,0.922053733619,Netherlands Eredivisie
Feyenoord,2015/2016,0.936580766326,Netherlands Eredivisie
Feyenoord,2012/2013,0.928667084296,Netherlands Eredivisie
Feyenoord,2008/2009,1.01122464996,Netherlands Eredivisie
Feyenoord,2010/2011,0.986710862624,Netherlands Eredivisie
Feyenoord,2014/2015,0.907977603133,Netherlands Eredivisie
Feyenoord,2009/2010,0.97253233333,Netherlands Eredivisie
Heracles Almelo,2011/2012,0.96512187082,Netherlands Eredivisie
Heracles Almelo,2013/2014,0.986178460823,Netherlands Eredivisie
Heracles Almelo,2015/2016,1.02171990431,Netherlands Eredivisie
Heracles Almelo,2012/2013,0.980350115036,Netherlands Eredivisie
Heracles Almelo,2008/2009,0.98450198841,Netherlands Eredivisie
Heracles Almelo,2010/2011,0.98309200884,Netherlands Eredivisie
Heracles Almelo,2014/2015,0.989927732298,Netherlands Eredivisie
Heracles Almelo,2009/2010,0.96993497883,Netherlands Eredivisie
Inverness Caledonian Thistle,2011/2012,1.02447774942,Scotland Premier League
Inverness Caledonian Thistle,2013/2014,1.02958443977,Scotland Premier League
Inverness Caledonian Thistle,2015/2016,1.03165046652,Scotland Premier League
Inverness Caledonian Thistle,2012/2013,1.04809165961,Scotland Premier League
Inverness Caledonian Thistle,2008/2009,1.01125628535,Scotland Premier League
Inverness Caledonian Thistle,2010/2011,1.02173781035,Scotland Premier League
Inverness Caledonian Thistle,2014/2015,1.01592582353,Scotland Premier League
Rangers,2011/2012,0.87714730062,Scotland Premier League
Rangers,2010/2011,0.835847398033,Scotland Premier League
Rangers,2009/2010,0.856671496604,Scotland Premier League
Rangers,2008/2009,0.854957369659,Scotland Premier League
Celtic,2011/2012,0.825424449404,Scotland Premier League
Celtic,2013/2014,0.788217125437,Scotland Premier League
Celtic,2015/2016,0.740813885195,Scotland Premier League
Celtic,2012/2013,0.805792559337,Scotland Premier League
Celtic,2008/2009,0.843483222387,Scotland Premier League
Celtic,2010/2011,0.811389347826,Scotland Premier League
Celtic,2014/2015,0.750933555973,Scotland Premier League
Celtic,2009/2010,0.84886437585,Scotland Premier League
Motherwell,2011/2012,1.03424734566,Scotland Premier League
Motherwell,2013/2014,1.03163017726,Scotland Premier League
Motherwell,2015/2016,1.01652971219,Scotland Premier League
Motherwell,2012/2013,1.0555764624,Scotland Premier League
Motherwell,2008/2009,1.03449324529,Scotland Premier League
Motherwell,2010/2011,1.01452780495,Scotland Premier League
Motherwell,2014/2015,1.00531357464,Scotland Premier League
Motherwell,2009/2010,1.01783853162,Scotland Premier League
St. Mirren,2011/2012,1.02073841477,Scotland Premier League
St. Mirren,2013/2014,1.02190810438,Scotland Premier League
St. Mirren,2012/2013,1.05293835884,Scotland Premier League
St. Mirren,2008/2009,1.00723101976,Scotland Premier League
St. Mirren,2010/2011,0.995313193034,Scotland Premier League
St. Mirren,2014/2015,1.01020851186,Scotland Premier League
St. Mirren,2009/2010,1.01807937973,Scotland Premier League
Dunfermline Athletic,2011/2012,0.969275795868,Scotland Premier League
Partick Thistle F.C.,2013/2014,1.0413470553,Scotland Premier League
Partick Thistle F.C.,2015/2016,1.04524185145,Scotland Premier League
Partick Thistle F.C.,2014/2015,1.02917208875,Scotland Premier League
Hibernian,2011/2012,1.02142906823,Scotland Premier League
Hibernian,2013/2014,1.04366951279,Scotland Premier League
Hibernian,2012/2013,1.04148994532,Scotland Premier League
Hibernian,2008/2009,1.02832335929,Scotland Premier League
Hibernian,2010/2011,1.02627226012,Scotland Premier League
Hibernian,2009/2010,1.02930886226,Scotland Premier League
Hamilton Academical FC,2010/2011,0.99662568446,Scotland Premier League
Hamilton Academical FC,2015/2016,1.03205501761,Scotland Premier League
Hamilton Academical FC,2014/2015,1.03696370838,Scotland Premier League
Hamilton Academical FC,2009/2010,0.995257546413,Scotland Premier League
Hamilton Academical FC,2008/2009,1.00169862281,Scotland Premier League
Dundee United,2011/2012,1.01772116359,Scotland Premier League
Dundee United,2013/2014,1.01974322679,Scotland Premier League
Dundee United,2015/2016,1.03994234806,Scotland Premier League
Dundee United,2012/2013,1.03875191192,Scotland Premier League
Dundee United,2008/2009,1.0150392389,Scotland Premier League
Dundee United,2010/2011,1.00819054682,Scotland Premier League
Dundee United,2014/2015,1.01227912714,Scotland Premier League
Dundee United,2009/2010,1.02943870508,Scotland Premier League
St. Johnstone FC,2011/2012,1.02663582428,Scotland Premier League
St. Johnstone FC,2013/2014,1.03478097539,Scotland Premier League
St. Johnstone FC,2015/2016,1.02632237775,Scotland Premier League
St. Johnstone FC,2012/2013,1.04880371023,Scotland Premier League
St. Johnstone FC,2010/2011,1.01957847971,Scotland Premier League
St. Johnstone FC,2014/2015,1.03706156452,Scotland Premier League
St. Johnstone FC,2009/2010,1.02437472704,Scotland Premier League
Falkirk,2009/2010,1.00269780236,Scotland Premier League
Falkirk,2008/2009,1.02220524276,Scotland Premier League
Kilmarnock,2011/2012,1.02748365438,Scotland Premier League
Kilmarnock,2013/2014,1.03240752297,Scotland Premier League
Kilmarnock,2015/2016,0.995635220133,Scotland Premier League
Kilmarnock,2012/2013,1.04185981562,Scotland Premier League
Kilmarnock,2008/2009,1.02014259948,Scotland Premier League
Kilmarnock,2010/2011,1.00721424404,Scotland Premier League
Kilmarnock,2014/2015,1.02298257907,Scotland Premier League
Kilmarnock,2009/2010,1.01799918957,Scotland Premier League
Ross County FC,2013/2014,1.02295535631,Scotland Premier League
Ross County FC,2014/2015,1.00404658872,Scotland Premier League
Ross County FC,2015/2016,1.02267844697,Scotland Premier League
Ross County FC,2012/2013,1.04630024071,Scotland Premier League
Heart of Midlothian,2011/2012,1.02956054994,Scotland Premier League
Heart of Midlothian,2013/2014,0.985591482337,Scotland Premier League
Heart of Midlothian,2015/2016,1.02578934999,Scotland Premier League
Heart of Midlothian,2012/2013,1.04598312286,Scotland Premier League
Heart of Midlothian,2008/2009,1.01733512848,Scotland Premier League
Heart of Midlothian,2010/2011,1.01167512004,Scotland Premier League
Heart of Midlothian,2009/2010,1.02195069629,Scotland Premier League
Dundee FC,2014/2015,1.0252227337,Scotland Premier League
Dundee FC,2015/2016,1.03689518135,Scotland Premier League
Dundee FC,2012/2013,0.979343111642,Scotland Premier League
Aberdeen,2011/2012,1.03081812676,Scotland Premier League
Aberdeen,2013/2014,1.02460890807,Scotland Premier League
Aberdeen,2015/2016,0.976220038023,Scotland Premier League
Aberdeen,2012/2013,1.04441561162,Scotland Premier League
Aberdeen,2008/2009,1.02286606788,Scotland Premier League
Aberdeen,2010/2011,1.02605925963,Scotland Premier League
Aberdeen,2014/2015,0.97471371562,Scotland Premier League
Aberdeen,2009/2010,1.03467955107,Scotland Premier League
FC Paços de Ferreira,2011/2012,1.00712222283,Portugal Liga ZON Sagres
FC Paços de Ferreira,2013/2014,0.999566891111,Portugal Liga ZON Sagres
FC Paços de Ferreira,2015/2016,1.00837056084,Portugal Liga ZON Sagres
FC Paços de Ferreira,2012/2013,1.01565402176,Portugal Liga ZON Sagres
FC Paços de Ferreira,2008/2009,1.00968831449,Portugal Liga ZON Sagres
FC Paços de Ferreira,2010/2011,1.01682468928,Portugal Liga ZON Sagres
FC Paços de Ferreira,2014/2015,1.01884205161,Portugal Liga ZON Sagres
FC Paços de Ferreira,2009/2010,1.011039198,Portugal Liga ZON Sagres
FC Arouca,2013/2014,0.987740955634,Portugal Liga ZON Sagres
FC Arouca,2015/2016,1.00415206332,Portugal Liga ZON Sagres
FC Arouca,2014/2015,0.993313543975,Portugal Liga ZON Sagres
CF Os Belenenses,2013/2014,0.99766365016,Portugal Liga ZON Sagres
CF Os Belenenses,2015/2016,1.00163200414,Portugal Liga ZON Sagres
CF Os Belenenses,2014/2015,0.99367469671,Portugal Liga ZON Sagres
CF Os Belenenses,2009/2010,0.990141469556,Portugal Liga ZON Sagres
CF Os Belenenses,2008/2009,1.03235223074,Portugal Liga ZON Sagres
Naval 1° de Maio,2010/2011,1.00300957991,Portugal Liga ZON Sagres
Naval 1° de Maio,2009/2010,0.999901029037,Portugal Liga ZON Sagres
Naval 1° de Maio,2008/2009,1.0274734326,Portugal Liga ZON Sagres
FC Penafiel,2014/2015,0.95054097026,Portugal Liga ZON Sagres
Leixões SC,2009/2010,1.00293032308,Portugal Liga ZON Sagres
Leixões SC,2008/2009,1.0299027214,Portugal Liga ZON Sagres
SC Braga,2011/2012,0.94457062598,Portugal Liga ZON Sagres
SC Braga,2013/2014,0.973546280475,Portugal Liga ZON Sagres
SC Braga,2015/2016,0.96326719621,Portugal Liga ZON Sagres
SC Braga,2012/2013,0.966209710644,Portugal Liga ZON Sagres
SC Braga,2008/2009,1.02475480091,Portugal Liga ZON Sagres
SC Braga,2010/2011,0.999234948806,Portugal Liga ZON Sagres
SC Braga,2014/2015,0.968141535148,Portugal Liga ZON Sagres
SC Braga,2009/2010,0.964398996119,Portugal Liga ZON Sagres
CS Marítimo,2011/2012,1.01220033062,Portugal Liga ZON Sagres
CS Marítimo,2013/2014,1.015902074,Portugal Liga ZON Sagres
CS Marítimo,2015/2016,1.00696846141,Portugal Liga ZON Sagres
CS Marítimo,2012/2013,1.02320874593,Portugal Liga ZON Sagres
CS Marítimo,2008/2009,1.03161350524,Portugal Liga ZON Sagres
CS Marítimo,2010/2011,1.02407708588,Portugal Liga ZON Sagres
CS Marítimo,2014/2015,1.01208464516,Portugal Liga ZON Sagres
CS Marítimo,2009/2010,1.02669672254,Portugal Liga ZON Sagres
Moreirense FC,2014/2015,1.0008976082,Portugal Liga ZON Sagres
Moreirense FC,2015/2016,0.994471344464,Portugal Liga ZON Sagres
Moreirense FC,2012/2013,0.994348349221,Portugal Liga ZON Sagres
Portimonense,2010/2011,0.994446706288,Portugal Liga ZON Sagres
Feirense,2011/2012,0.983938045936,Portugal Liga ZON Sagres
Rio Ave FC,2011/2012,1.01350366194,Portugal Liga ZON Sagres
Rio Ave FC,2013/2014,1.01336474542,Portugal Liga ZON Sagres
Rio Ave FC,2015/2016,1.00865149018,Portugal Liga ZON Sagres
Rio Ave FC,2012/2013,1.01717388423,Portugal Liga ZON Sagres
Rio Ave FC,2008/2009,1.01469362657,Portugal Liga ZON Sagres
Rio Ave FC,2010/2011,1.02030897903,Portugal Liga ZON Sagres
Rio Ave FC,2014/2015,1.0132589737,Portugal Liga ZON Sagres
Rio Ave FC,2009/2010,1.0156015737,Portugal Liga ZON Sagres
Estoril Praia,2013/2014,1.00409137875,Portugal Liga ZON Sagres
Estoril Praia,2014/2015,1.01373969676,Portugal Liga ZON Sagres
Estoril Praia,2015/2016,1.0094030293,Portugal Liga ZON Sagres
Estoril Praia,2012/2013,1.01676940065,Portugal Liga ZON Sagres
SC Beira Mar,2011/2012,1.00248223714,Portugal Liga ZON Sagres
SC Beira Mar,2010/2011,1.02526133144,Portugal Liga ZON Sagres
SC Beira Mar,2012/2013,0.995931894315,Portugal Liga ZON Sagres
Vitória Guimarães,2011/2012,1.02705413574,Portugal Liga ZON Sagres
Vitória Guimarães,2013/2014,1.01455531606,Portugal Liga ZON Sagres
Vitória Guimarães,2015/2016,1.00983590112,Portugal Liga ZON Sagres
Vitória Guimarães,2012/2013,1.0170373575,Portugal Liga ZON Sagres
Vitória Guimarães,2008/2009,1.04264094333,Portugal Liga ZON Sagres
Vitória Guimarães,2010/2011,1.01401247013,Portugal Liga ZON Sagres
Vitória Guimarães,2014/2015,1.00221848952,Portugal Liga ZON Sagres
Vitória Guimarães,2009/2010,1.02225205411,Portugal Liga ZON Sagres
Amadora,2008/2009,1.01614379296,Portugal Liga ZON Sagres
CD Nacional,2011/2012,1.00799556752,Portugal Liga ZON Sagres
CD Nacional,2013/2014,1.02027496961,Portugal Liga ZON Sagres
CD Nacional,2015/2016,1.01385313709,Portugal Liga ZON Sagres
CD Nacional,2012/2013,1.01080313541,Portugal Liga ZON Sagres
CD Nacional,2008/2009,1.03897093066,Portugal Liga ZON Sagres
CD Nacional,2010/2011,1.017172366,Portugal Liga ZON Sagres
CD Nacional,2014/2015,1.01435447691,Portugal Liga ZON Sagres
CD Nacional,2009/2010,1.02782675706,Portugal Liga ZON Sagres
Académica de Coimbra,2011/2012,1.0089633683,Portugal Liga ZON Sagres
Académica de Coimbra,2013/2014,0.99977408763,Portugal Liga ZON Sagres
Académica de Coimbra,2015/2016,0.985350780618,Portugal Liga ZON Sagres
Académica de Coimbra,2012/2013,1.01818468533,Portugal Liga ZON Sagres
Académica de Coimbra,2008/2009,1.03035435912,Portugal Liga ZON Sagres
Académica de Coimbra,2010/2011,1.01633288087,Portugal Liga ZON Sagres
Académica de Coimbra,2014/2015,0.997053859611,Portugal Liga ZON Sagres
Académica de Coimbra,2009/2010,1.0147954127,Portugal Liga ZON Sagres
Sporting CP,2011/2012,0.946570132313,Portugal Liga ZON Sagres
Sporting CP,2013/2014,0.928444303817,Portugal Liga ZON Sagres
Sporting CP,2015/2016,0.788230219213,Portugal Liga ZON Sagres
Sporting CP,2012/2013,0.990948526675,Portugal Liga ZON Sagres
Sporting CP,2008/2009,0.932716833323,Portugal Liga ZON Sagres
Sporting CP,2010/2011,0.966712190772,Portugal Liga ZON Sagres
Sporting CP,2014/2015,0.875989813309,Portugal Liga ZON Sagres
Sporting CP,2009/2010,0.946791040761,Portugal Liga ZON Sagres
Boavista FC,2015/2016,1.00235829686,Portugal Liga ZON Sagres
Boavista FC,2014/2015,0.965370787326,Portugal Liga ZON Sagres
União de Leiria,2011/2012,0.992317376413,Portugal Liga ZON Sagres
União de Leiria,2010/2011,1.02713628149,Portugal Liga ZON Sagres
União de Leiria,2009/2010,1.01931964001,Portugal Liga ZON Sagres
SL Benfica,2011/2012,0.814871200912,Portugal Liga ZON Sagres
SL Benfica,2013/2014,0.816930971598,Portugal Liga ZON Sagres
SL Benfica,2015/2016,0.778854867208,Portugal Liga ZON Sagres
SL Benfica,2012/2013,0.787963077259,Portugal Liga ZON Sagres
SL Benfica,2008/2009,0.93464317859,Portugal Liga ZON Sagres
SL Benfica,2010/2011,0.867611552759,Portugal Liga ZON Sagres
SL Benfica,2014/2015,0.779761463223,Portugal Liga ZON Sagres
SL Benfica,2009/2010,0.845930752002,Portugal Liga ZON Sagres
FC Porto,2011/2012,0.766780634191,Portugal Liga ZON Sagres
FC Porto,2013/2014,0.786532760671,Portugal Liga ZON Sagres
FC Porto,2015/2016,0.767417915246,Portugal Liga ZON Sagres
FC Porto,2012/2013,0.764074443141,Portugal Liga ZON Sagres
FC Porto,2008/2009,0.895437081363,Portugal Liga ZON Sagres
FC Porto,2010/2011,0.813860983049,Portugal Liga ZON Sagres
FC Porto,2014/2015,0.731681352556,Portugal Liga ZON Sagres
FC Porto,2009/2010,0.862755183111,Portugal Liga ZON Sagres
Gil Vicente FC,2011/2012,1.00229974012,Portugal Liga ZON Sagres
Gil Vicente FC,2013/2014,0.979949619837,Portugal Liga ZON Sagres
Gil Vicente FC,2012/2013,1.01101100387,Portugal Liga ZON Sagres
Gil Vicente FC,2014/2015,0.966974663932,Portugal Liga ZON Sagres
Tondela,2015/2016,0.956205385207,Portugal Liga ZON Sagres
S.C. Olhanense,2011/2012,1.00161227635,Portugal Liga ZON Sagres
S.C. Olhanense,2013/2014,0.967801195733,Portugal Liga ZON Sagres
S.C. Olhanense,2010/2011,1.01899033032,Portugal Liga ZON Sagres
S.C. Olhanense,2012/2013,0.998022435614,Portugal Liga ZON Sagres
S.C. Olhanense,2009/2010,1.00041422098,Portugal Liga ZON Sagres
Trofense,2008/2009,0.994200410824,Portugal Liga ZON Sagres
Uniao da Madeira,2015/2016,0.983079755161,Portugal Liga ZON Sagres
Vitória Setúbal,2011/2012,0.985515864919,Portugal Liga ZON Sagres
Vitória Setúbal,2013/2014,0.992008835124,Portugal Liga ZON Sagres
Vitória Setúbal,2015/2016,0.999950992205,Portugal Liga ZON Sagres
Vitória Setúbal,2012/2013,0.98463868927,Portugal Liga ZON Sagres
Vitória Setúbal,2008/2009,1.01461307983,Portugal Liga ZON Sagres
Vitória Setúbal,2010/2011,1.00114324409,Portugal Liga ZON Sagres
Vitória Setúbal,2014/2015,0.994383062235,Portugal Liga ZON Sagres
Vitória Setúbal,2009/2010,0.983822855015,Portugal Liga ZON Sagres
